Customer_ID,Full_Name,Gender,Email,Address,City,Region,Age,Income,Reg_Date,Modified_Date
59460,Rebecca Sims,Female,oponce@yahoo.com,"74002 Mary Mills Apt. 814
Wilsonfurt",Windhoek,America,35,180000,2013-04-21,2021_08_06-03_32_20_PM
26956,Daniel Anderson,Male,gregory21@yahoo.com,"7772 Chapman Rest
Brittneyville",Dar_es_Salaam,Australia,15,105000,2013-02-11,2021_08_06-03_32_20_PM
64908,Andrew Williams,Male,deborah89@gmail.com,"526 Courtney Cliff Apt. 695
West Jesse",Los_Angeles,America,52,130000,2020-04-15,2021_08_06-03_32_20_PM
32941,Amy Herrera,Male,brian30@gmail.com,"02924 West Junction
New Christopherside",Kolkata,America,5,110000,2014-01-16,2021_08_06-03_32_20_PM
16768,Joshua Garcia,Male,rogersedward@yahoo.com,"89139 Maldonado Corners Suite 192
Lake Robertside",Los_Angeles,Asia,11,130000,2013-11-13,2021_08_06-03_32_20_PM
80796,Thomas Barron,Male,sbrown@hotmail.com,"575 Brown Via
South Jacquelineton",Paris,America,34,15000,2014-07-05,2021_08_06-03_32_20_PM
2566,Edward Jordan,Male,jenkinsrhonda@yahoo.com,"83442 Buckley Brooks
Ortizmouth",Dar_es_Salaam,Asia,36,85000,2019-02-24,2021_08_06-03_32_20_PM
48477,Michael Mendez,Female,zstark@hotmail.com,"04715 Jennifer Avenue
Davisport",New_York,America,23,55000,2021-06-05,2021_08_06-03_32_20_PM
75135,Andrew Long,Male,bennettsarah@hotmail.com,"7785 Brandi Coves
North Joseph",Khartoum,Asia,22,175000,2017-09-23,2021_08_06-03_32_20_PM
64906,Caroline Dennis,Male,grimesamanda@gmail.com,"43451 Mark Estate
South Valerie",Bahia,Europe,17,90000,2017-09-18,2021_08_06-03_32_20_PM
13676,Sean Ritter,Female,petersonwayne@gmail.com,"6875 Johnson Land
Port Loriburgh",Shanghai,Asia,38,145000,2013-07-12,2021_08_06-03_32_20_PM
52157,Jack Morales,Female,jacquelinekramer@yahoo.com,"6589 Mcintyre Extensions
Barbaraport",Mexico_City,America,37,150000,2023-04-10,2021_08_06-03_32_20_PM
59227,Nicholas Glenn,Male,justin06@gmail.com,"54350 Combs Divide Apt. 943
South Kimberlyhaven",Los_Angeles,Asia,15,180000,2020-06-25,2021_08_06-03_32_20_PM
78366,Blake Smith,Female,vburns@yahoo.com,"80549 Tina Courts
Bowmanchester",Fortaleza,America,52,40000,2014-01-11,2021_08_06-03_32_20_PM
41752,Steven Clark,Female,krystalpatel@gmail.com,"2984 Elliott Grove Suite 880
Michelleland",Qyzylorda,Asia,19,25000,2013-04-15,2021_08_06-03_32_20_PM
28737,James Gilbert,Female,jessicajohnson@hotmail.com,"PSC 8337, Box 0720
AP",Los_Angeles,America,29,130000,2018-07-09,2021_08_06-03_32_20_PM
59219,Michael Richards,Male,ugraham@hotmail.com,"USCGC Wagner
FP",Shanghai,Australia,15,155000,2020-10-19,2021_08_06-03_32_20_PM
87548,Christopher King,Female,tiffany60@yahoo.com,"3848 Brandy Glen Apt. 970
Port Adamstad",Amsterdam,Asia,28,165000,2020-08-13,2021_08_06-03_32_20_PM
75759,Charles Wood,Female,lonniedavis@hotmail.com,"434 Tyler Ports Suite 478
South Ericachester",Fortaleza,America,38,155000,2019-04-29,2021_08_06-03_32_20_PM
66000,Lynn Mooney,Male,kingsara@hotmail.com,"6694 Sanders Extension Apt. 378
Lake Kennethstad",Chicago,Europe,30,20000,2013-04-07,2021_08_06-03_32_20_PM
13831,Morgan Adams,Male,daniel20@gmail.com,"5204 Cooley Forges Apt. 962
Crossmouth",London,Europe,47,165000,2019-05-17,2021_08_06-03_32_20_PM
29204,Mrs. Bailey Davis DDS,Male,colleen24@gmail.com,"78571 Nelson Camp Suite 722
Chapmanport",New_York,America,41,150000,2021-08-31,2021_08_06-03_32_20_PM
64752,James Hardin,Male,lawrence23@gmail.com,"7165 David Camp Suite 863
Josephstad",Minsk,America,26,95000,2018-11-15,2021_08_06-03_32_20_PM
90529,Amanda Oneill,Female,sstout@hotmail.com,"716 Dustin Station Apt. 530
South Roychester",Los_Angeles,Europe,60,190000,2018-06-04,2021_08_06-03_32_20_PM
71943,Mrs. Tracy Young,Female,tammyowen@yahoo.com,"4613 Alexandria Track Suite 648
New Toddberg",Los_Angeles,Indian,17,15000,2016-08-03,2021_08_06-03_32_20_PM
30377,Erika Ramos,Female,john72@hotmail.com,"264 Acevedo Center Apt. 792
West Julie",Makassar,America,22,35000,2015-11-26,2021_08_06-03_32_20_PM
56103,Christopher Luna,Male,bethany14@gmail.com,"44423 Coleman Lock Suite 943
Jonathanmouth",Kolkata,America,13,90000,2019-06-30,2021_08_06-03_32_20_PM
27089,Melissa Marsh,Female,michelle92@yahoo.com,"4175 Brandon Knolls
Kellyfort",Shanghai,America,26,150000,2014-11-14,2021_08_06-03_32_20_PM
11281,Edward Oneal,Female,lwilson@hotmail.com,"670 Tammy Lane Apt. 956
West Matthewside",Tokyo,Europe,25,185000,2016-06-07,2021_08_06-03_32_20_PM
20317,Taylor Lopez,Female,macdonaldedward@gmail.com,"46743 Samantha Tunnel
South Yvette",Paris,Asia,30,195000,2024-03-29,2021_08_06-03_32_20_PM
50743,Robert Morgan,Male,xoneill@hotmail.com,"4216 Troy Gardens
Parkermouth",London,Europe,28,145000,2018-07-31,2021_08_06-03_32_20_PM
60121,Joseph Michael,Male,kingkimberly@yahoo.com,"37909 Deborah Oval
Gabrielstad",Shanghai,America,59,185000,2022-05-08,2021_08_06-03_32_20_PM
67323,Lisa Hall,Female,paustin@gmail.com,"699 Michael Loaf Suite 330
South Donaldchester",Chicago,America,27,30000,2017-04-19,2021_08_06-03_32_20_PM
52309,Matthew Mcgee,Female,suzanneblevins@hotmail.com,"3410 Ashley Stream Suite 570
North Steven",Berlin,America,28,15000,2019-08-09,2021_08_06-03_32_20_PM
45464,John Smith,Female,thomasriley@yahoo.com,"USS Hale
FP",Helsinki,Asia,25,15000,2017-02-14,2021_08_06-03_32_20_PM
79236,Diana Lyons,Female,castillodaniel@gmail.com,"6881 Ashley Turnpike
Andrewside",Mexico_City,Asia,36,95000,2014-02-09,2021_08_06-03_32_20_PM
33996,Krystal Howard,Male,edwardsmichael@hotmail.com,"729 Lee Ridge
Johnview",Vienna,Europe,53,120000,2022-11-10,2021_08_06-03_32_20_PM
37585,Mark Valdez,Female,gregorymiller@gmail.com,"4564 Gabriel Manors Suite 566
Ambertown",Banjul,America,17,120000,2024-03-18,2021_08_06-03_32_20_PM
77078,Amanda Dennis,Female,kjackson@hotmail.com,"732 Carrie Flats
Mendezburgh",Kolkata,Europe,15,95000,2022-12-26,2021_08_06-03_32_20_PM
77766,Elizabeth Grant,Male,bobby08@yahoo.com,"67140 Gonzalez Station Suite 680
Bridgesmouth",Kolkata,America,16,95000,2013-01-25,2021_08_06-03_32_20_PM
78288,Lisa Johnson,Male,christina24@hotmail.com,"2792 Montoya Garden Suite 341
Cherylborough",Tripoli,Asia,46,130000,2022-10-28,2021_08_06-03_32_20_PM
44126,Rachel White,Female,gonzalezgeorge@yahoo.com,"PSC 7674, Box 4748
AP",Lubumbashi,Europe,6,75000,2022-09-15,2021_08_06-03_32_20_PM
59981,Dana Hall,Male,hmoss@gmail.com,"7928 Thornton Course Suite 125
Santiagostad",Los_Angeles,Asia,13,185000,2019-05-24,2021_08_06-03_32_20_PM
83108,James Davis,Male,riggstodd@gmail.com,"138 Reyes Curve Suite 081
Port Calebshire",London,Asia,19,195000,2013-09-22,2021_08_06-03_32_20_PM
89155,Zachary Mckinney,Female,zharvey@yahoo.com,"04425 Matthew Tunnel
Richardmouth",Antananarivo,Asia,17,70000,2020-06-09,2021_08_06-03_32_20_PM
21255,Kelly Holmes,Female,carlmoore@yahoo.com,"9631 Miranda Curve
East Michelle",London,America,10,190000,2013-04-15,2021_08_06-03_32_20_PM
71447,James Anderson,Male,wcooper@hotmail.com,"PSC 1591, Box 3974
AP",Brussels,Africa,21,200000,2015-06-15,2021_08_06-03_32_20_PM
66244,Anthony Brown,Female,creed@hotmail.com,"PSC 4319, Box 7271
AP",Dhaka,Europe,25,35000,2014-09-03,2021_08_06-03_32_20_PM
24837,Veronica Webb,Female,thomasnancy@hotmail.com,"1130 Kelly Landing
Washingtonton",Shanghai,America,50,180000,2016-03-14,2021_08_06-03_32_20_PM
77407,Brian Davis Jr.,Female,edwardsmartin@hotmail.com,"204 Brown Gardens
Vickifurt",Krasnoyarsk,Europe,6,200000,2013-10-28,2021_08_06-03_32_20_PM
86261,Courtney Fisher,Male,theresa64@yahoo.com,"372 Wilson Pines Apt. 762
Smallshire",Kolkata,America,42,150000,2023-11-13,2021_08_06-03_32_20_PM
45060,Ronald Ramirez,Female,fosterjeremy@hotmail.com,"72741 Joseph Prairie Apt. 423
Christopherport",Rome,Asia,8,200000,2021-06-27,2021_08_06-03_32_20_PM
71577,Kayla Dunlap,Female,david34@hotmail.com,"181 Deborah Rest
Martinezstad",Lisbon,America,17,130000,2023-09-30,2021_08_06-03_32_20_PM
58709,Karen Martinez,Female,christopherjohnson@gmail.com,"714 Roach Stream Apt. 093
Davidchester",Kolkata,America,41,125000,2017-08-31,2021_08_06-03_32_20_PM
752,Steve Watkins,Male,tscott@gmail.com,"4720 Anthony Ferry
South Summer",Los_Angeles,Europe,19,125000,2019-04-11,2021_08_06-03_32_20_PM
84219,Kathleen Gray,Female,montesjennifer@yahoo.com,"53359 Michael Ridge Suite 694
East Julie",Paris,America,31,55000,2013-12-09,2021_08_06-03_32_20_PM
7523,Gerald Cain,Female,sophia19@hotmail.com,"7907 Rodriguez Locks
Morganport",Chicago,Asia,28,180000,2020-04-17,2021_08_06-03_32_20_PM
72692,Molly Hernandez,Female,opeterson@yahoo.com,"50311 Thompson Terrace Suite 275
Anthonyside",Puerto_Rico,Africa,45,80000,2014-08-13,2021_08_06-03_32_20_PM
72009,Logan Patrick,Female,steve70@gmail.com,"Unit 4672 Box 2712
DP",Prague,Africa,45,65000,2014-05-19,2021_08_06-03_32_20_PM
54443,Diana Rodriguez,Female,hickmandaniel@yahoo.com,"675 Mark Rapids
Reynoldsbury",Moscow,Europe,55,95000,2018-06-20,2021_08_06-03_32_20_PM
1417,Susan Rodriguez,Female,elizabethburke@yahoo.com,"508 Snyder Circle Suite 925
Tracystad",Reunion,Asia,18,95000,2016-07-26,2021_08_06-03_32_20_PM
53166,Brandon Valencia,Female,michael12@gmail.com,"USNS Bell
FP",Dar_es_Salaam,Asia,25,15000,2020-01-29,2021_08_06-03_32_20_PM
69212,Nicole Hayden,Female,michelle58@yahoo.com,"77722 Nicholson Rest Apt. 111
Davidstad",Toronto,America,18,15000,2022-10-20,2021_08_06-03_32_20_PM
18946,Kimberly Hart,Female,stevenyoung@gmail.com,"610 Molly Fort
South Peter",Manila,Asia,53,65000,2017-09-28,2021_08_06-03_32_20_PM
36779,Susan Flowers,Female,brownjon@gmail.com,"0760 Madison Loop Suite 737
Allisonbury",Yekaterinburg,America,44,90000,2021-06-05,2021_08_06-03_32_20_PM
83027,Dennis Blevins,Female,david68@yahoo.com,"2026 Colon Ports
Granthaven",Kolkata,America,7,75000,2022-06-28,2021_08_06-03_32_20_PM
37936,Edwin Smith,Male,casey76@yahoo.com,"946 Rebecca Way
Johnnystad",Havana,Asia,32,160000,2017-11-19,2021_08_06-03_32_20_PM
61517,Kevin Parks,Male,debbiemartin@yahoo.com,"89559 Lindsey Brook Apt. 108
New Michaelfurt",Shanghai,Asia,12,55000,2021-07-14,2021_08_06-03_32_20_PM
1699,Tara Kelly,Male,johnsonapril@hotmail.com,"02605 Kayla Viaduct Suite 370
New Ericchester",Kolkata,Asia,46,30000,2021-04-25,2021_08_06-03_32_20_PM
21222,Jordan Douglas,Male,keithpittman@gmail.com,"315 Patel Extension
Erikafort",Kolkata,Asia,35,60000,2022-02-23,2021_08_06-03_32_20_PM
49011,Ellen Baker,Female,rubiotimothy@gmail.com,"3157 Edwards Valley Suite 339
North Jose",Warsaw,Europe,33,65000,2013-10-30,2021_08_06-03_32_20_PM
22482,Rebecca Miller,Female,joshua10@yahoo.com,"58749 Young Mall Apt. 251
New Sherry",Lima,Asia,13,65000,2015-04-29,2021_08_06-03_32_20_PM
1841,Seth Sanchez,Female,katrinahodges@gmail.com,"2359 Bowman Brook
Ericchester",Berlin,Europe,56,15000,2018-05-09,2021_08_06-03_32_20_PM
73163,Glenn Greene,Female,alicia87@yahoo.com,"05403 Murphy Prairie
Walkerport",Kiev,America,26,65000,2019-05-23,2021_08_06-03_32_20_PM
39804,Tina Evans,Female,rebecca74@hotmail.com,"3265 Robert Square Apt. 286
South Michaelmouth",Kolkata,Europe,32,45000,2015-12-31,2021_08_06-03_32_20_PM
4332,Douglas Hughes,Female,christinacrawford@hotmail.com,"3827 Michael Turnpike Apt. 344
Tanyaburgh",Moscow,Africa,54,60000,2013-10-25,2021_08_06-03_32_20_PM
1110,Jessica Wagner,Male,davidfrazier@hotmail.com,"344 Phillips Drive
North Steven",New_York,America,56,170000,2017-09-07,2021_08_06-03_32_20_PM
61663,Stephanie Nguyen,Male,sjohnson@hotmail.com,"380 Nicholas Run Suite 469
Woodstad",Kolkata,Europe,48,130000,2021-05-21,2021_08_06-03_32_20_PM
1804,Michaela Love,Male,ryang@yahoo.com,"5654 Patricia Street Apt. 578
East Leonard",Dublin,Europe,14,115000,2021-01-21,2021_08_06-03_32_20_PM
5457,Megan Cook,Female,mflores@hotmail.com,"6123 Gates Dam Apt. 276
Davisstad",Madrid,America,5,10000,2013-09-18,2021_08_06-03_32_20_PM
16687,Michelle Ortega,Male,matthewgarcia@gmail.com,"2724 Emily Rest Suite 352
Port Mark",New_York,Africa,15,115000,2022-04-16,2021_08_06-03_32_20_PM
53182,Dawn Copeland,Male,urogers@hotmail.com,"55674 Michael Walk
South Heidi",Kolkata,America,12,125000,2015-07-22,2021_08_06-03_32_20_PM
15672,Shannon Barnes,Female,amy35@gmail.com,"719 Matthew Mill
North Charlesburgh",Cairo,Asia,29,115000,2017-03-08,2021_08_06-03_32_20_PM
24684,Nicole Allen,Male,powellbrian@hotmail.com,"3830 Ray Valleys
Port Nicole",Recife,Europe,60,155000,2017-05-09,2021_08_06-03_32_20_PM
87316,Victoria Hamilton,Male,connie18@gmail.com,"761 Danielle Way
East Adammouth",Chicago,Africa,43,185000,2013-11-10,2021_08_06-03_32_20_PM
85095,Jeanette Charles,Male,grodriguez@yahoo.com,"105 David Corners
Myersmouth",Rome,Europe,9,45000,2016-04-05,2021_08_06-03_32_20_PM
9592,Christopher Washington,Female,robertmaldonado@yahoo.com,"4853 Bradley Manors Suite 597
South Thomas",Manila,Europe,21,115000,2013-08-03,2021_08_06-03_32_20_PM
85936,Mary Allen,Male,santiagokrista@gmail.com,"Unit 4995 Box 3898
DP",Prague,Asia,13,45000,2022-05-15,2021_08_06-03_32_20_PM
15464,Lindsey Lin,Male,jacobsadrian@yahoo.com,"39259 Brandi Prairie Suite 083
North Karen",New_York,Europe,45,180000,2018-01-10,2021_08_06-03_32_20_PM
87198,Danielle Dalton,Male,johnkennedy@hotmail.com,"7451 Diamond Villages Suite 228
Gregstad",Tokyo,America,60,175000,2013-05-04,2021_08_06-03_32_20_PM
22366,Curtis Tucker,Male,breed@yahoo.com,"863 Kristi Street
Noblemouth",Santiago,Europe,11,160000,2014-03-03,2021_08_06-03_32_20_PM
65391,Christopher Lopez MD,Female,rodney59@hotmail.com,"76131 Marc Fields
Port Steven",Kolkata,Asia,47,145000,2015-03-24,2021_08_06-03_32_20_PM
19918,Javier Adams,Female,heather95@yahoo.com,"45319 Mitchell Ramp
Meganmouth",Algiers,Asia,41,165000,2022-11-07,2021_08_06-03_32_20_PM
91126,Hannah Sosa,Female,ronald86@hotmail.com,"911 Bell Crossroad Apt. 386
South Nicole",Kolkata,America,34,105000,2013-07-13,2021_08_06-03_32_20_PM
82994,Steven Vance,Male,woodsmelissa@yahoo.com,"64349 Michael Ramp Apt. 311
Hawkinshaven",Kolkata,America,53,180000,2015-12-18,2021_08_06-03_32_20_PM
29275,Rebecca Smith,Male,robertorobinson@hotmail.com,"607 John Overpass
Monroeshire",Dar_es_Salaam,Europe,59,95000,2017-02-24,2021_08_06-03_32_20_PM
15021,Anna Rios,Male,debbieclark@gmail.com,"152 Todd Brooks
West Lisastad",Manila,Europe,55,65000,2014-08-14,2021_08_06-03_32_20_PM
5761,Dennis Lee,Female,ballardmichael@gmail.com,"7919 Gray Lock
Susanbury",Belgrade,Europe,12,150000,2021-06-05,2021_08_06-03_32_20_PM
15193,Curtis Bates,Female,olandry@hotmail.com,"806 Amanda Causeway Apt. 246
New Hannah",Tokyo,America,10,40000,2017-10-16,2021_08_06-03_32_20_PM
1193,Sydney Parker,Female,wendy92@gmail.com,"371 Michael Ridge
Port Mindytown",Paris,America,25,110000,2014-11-20,2021_08_06-03_32_20_PM
